[
{"url": "https://www.ptt.cc/bbs/Gossiping/M.1585440330.A.EF3.html", "articleId": "M.1585440330.A.EF3", "articleAuthor": "EpsilonSgr (Vancomycin)", "articleTitle": "[問卦] 大家的手機打ㄏㄏㄏㄏ會出現什麼？", "articleDate": "Sun Mar 29 08:05:26 2020", "articleContent": "是這樣的，\n剛剛想打哈哈哈哈結果出現不太一樣的東西，\n大家的手機打ㄏㄏㄏㄏ都出現什麼字呢？\n\nSent from JPTT on my iPhone\n\n https://www.ptt.cc/bbs/Gossiping/M.1585440330.A.EF3.html", "ip": "114.137.161.240", "msgCnt": {"all": 38, "count": 19, "push": 21, "boo": 2, "neutral": 15}, "msg": [{"push_tag": "→", "push_userid": "omfg5487", "push_content": "蓋蓋蓋蓋", "push_ipdatetime": "03/29 08:05"}, {"push_tag": "→", "push_userid": "kobedestiny", "push_content": "五樓", "push_ipdatetime": "03/29 08:05"}, {"push_tag": "推", "push_userid": "bbbsss1986", "push_content": "哈哈哈哈", "push_ipdatetime": "03/29 08:06"}, {"push_tag": "→", "push_userid": "rootpresent", "push_content": "喝喝哈吸 快使用雙截棍", "push_ipdatetime": "03/29 08:06"}, {"push_tag": "推", "push_userid": "r85270607", "push_content": "呼呼嘿嘿", "push_ipdatetime": "03/29 08:06"}, {"push_tag": "→", "push_userid": "rootpresent", "push_content": "快使用 黑貓 我的", "push_ipdatetime": "03/29 08:06"}, {"push_tag": "推", "push_userid": "A816", "push_content": "哈哈哈哈", "push_ipdatetime": "03/29 08:07"}, {"push_tag": "噓", "push_userid": "NikkiNikki", "push_content": "肛肛肛肛", "push_ipdatetime": "03/29 08:07"}, {"push_tag": "推", "push_userid": "shinkaikou", "push_content": "哈哈哈哈", "push_ipdatetime": "03/29 08:07"}, {"push_tag": "→", "push_userid": "ghgn", "push_content": "呵呵呵呵", "push_ipdatetime": "03/29 08:07"}, {"push_tag": "推", "push_userid": "briat2004", "push_content": "哈棒哈棒", "push_ipdatetime": "03/29 08:07"}, {"push_tag": "→", "push_userid": "johnhmj", "push_content": "呵呵呵呵", "push_ipdatetime": "03/29 08:08"}, {"push_tag": "推", "push_userid": "iphone55566", "push_content": "哈哈哈哈", "push_ipdatetime": "03/29 08:08"}, {"push_tag": "推", "push_userid": "kcclasaki", "push_content": "哈哈哈哈", "push_ipdatetime": "03/29 08:08"}, {"push_tag": "推", "push_userid": "bengowa", "push_content": "恍恍惚惚", "push_ipdatetime": "03/29 08:08"}, {"push_tag": "→", "push_userid": "NSKB", "push_content": "呵呵呵呵", "push_ipdatetime": "03/29 08:08"}, {"push_tag": "→", "push_userid": "badbadook", "push_content": "屌屌屌屌", "push_ipdatetime": "03/29 08:08"}, {"push_tag": "→", "push_userid": "badbadook", "push_content": "含含糊糊", "push_ipdatetime": "03/29 08:09"}, {"push_tag": "→", "push_userid": "kcclasaki", "push_content": "怎麼會有ㄒ啦靠", "push_ipdatetime": "03/29 08:09"}, {"push_tag": "推", "push_userid": "Gsanz", "push_content": "哈哈哈哈", "push_ipdatetime": "03/29 08:10"}, {"push_tag": "推", "push_userid": "x8109199", "push_content": "哈哈哈哈哈", "push_ipdatetime": "03/29 08:11"}, {"push_tag": "推", "push_userid": "bimmers0", "push_content": "好好休息", "push_ipdatetime": "03/29 08:13"}, {"push_tag": "推", "push_userid": "uilmas1", "push_content": "恍恍惚惚", "push_ipdatetime": "03/29 08:15"}, {"push_tag": "推", "push_userid": "qazsedcft", "push_content": "哈哈哈哈哈哈哈哈", "push_ipdatetime": "03/29 08:15"}, {"push_tag": "→", "push_userid": "qazsedcft", "push_content": "還會很紅", "push_ipdatetime": "03/29 08:15"}, {"push_tag": "→", "push_userid": "shun2249", "push_content": "恍恍惚惚", "push_ipdatetime": "03/29 08:16"}, {"push_tag": "推", "push_userid": "leoiscool", "push_content": "哈哈哈哈", "push_ipdatetime": "03/29 08:17"}, {"push_tag": "推", "push_userid": "Eeli2008", "push_content": "哈哈哈哈哈哈哈哈哈", "push_ipdatetime": "03/29 08:17"}, {"push_tag": "推", "push_userid": "evcafe", "push_content": "https://i.imgur.com/Dhw15h1.jpg", "push_ipdatetime": "03/29 08:18"}, {"push_tag": "→", "push_userid": "Eeli2008", "push_content": "華航還好", "push_ipdatetime": "03/29 08:18"}, {"push_tag": "推", "push_userid": "jnecoj", "push_content": "哈哈哈哈", "push_ipdatetime": "03/29 08:19"}, {"push_tag": "→", "push_userid": "ksco", "push_content": "虎虎虎虎", "push_ipdatetime": "03/29 08:20"}, {"push_tag": "推", "push_userid": "bettyshinn", "push_content": "哈哈哈哈", "push_ipdatetime": "03/29 08:20"}, {"push_tag": "推", "push_userid": "a0986188522", "push_content": "柯糞吃屎", "push_ipdatetime": "03/29 08:21"}, {"push_tag": "→", "push_userid": "rty99638125", "push_content": "呵呵呵呵", "push_ipdatetime": "03/29 08:22"}, {"push_tag": "推", "push_userid": "realizerwalk", "push_content": "武漢肺炎", "push_ipdatetime": "03/29 08:22"}, {"push_tag": "推", "push_userid": "downgoon", "push_content": "哈哈哈哈", "push_ipdatetime": "03/29 08:24"}, {"push_tag": "噓", "push_userid": "april301988", "push_content": "ㄚㄧㄨㄟㄛ", "push_ipdatetime": "03/29 08:25"}]},
{"url": "https://www.ptt.cc/bbs/Gossiping/M.1585441435.A.60B.html", "articleId": "M.1585441435.A.60B", "articleAuthor": "miss80423 (自宅警備員)", "articleTitle": "Re: [問卦] 統神是哪裡吸引003", "articleDate": "Sun Mar 29 08:23:53 2020", "articleContent": ": 統神爸媽18%國中老師退休25年 : 少說領了五千萬 : 統神一年賺400萬 : 小孩給公婆帶 : 一個月少支出2萬 : 統神錢都給003管 : 只是開台會被豬趴語罵一下 : 統神又常常不開台 : 八卦版的魯蛇是在嫌什麼 : 最賺的還是國棟 : 娶到香港集團千金 : 太神啦 為什麼會說kyt家很有錢阿\n\n之前看kyt皮球頻道\n\n是有看到家看起來好像不錯\n\n但也不代表很有錢吧\n\n如果從消費來看\n\n吃的好用的好也還好吧\n\n最多就員工薪水拿來花不存錢而已\n\n為什麼都會說她家很有錢？\n\n實況有講過？\n\n有卦？\n\n\n https://www.ptt.cc/bbs/Gossiping/M.1585441435.A.60B.html", "ip": "101.10.55.32", "msgCnt": {"all": 2, "count": 1, "push": 1, "boo": 0, "neutral": 1}, "msg": [{"push_tag": "→", "push_userid": "kobedestiny", "push_content": "五樓大老闆 掛多", "push_ipdatetime": "03/29 08:24"}, {"push_tag": "推", "push_userid": "RLAPH", "push_content": "國動講過 噓 小聲點", "push_ipdatetime": "03/29 08:26"}]},
{"url": "https://www.ptt.cc/bbs/Gossiping/M.1585440798.A.AE6.html", "articleId": "M.1585440798.A.AE6", "articleAuthor": "CavendishJr (卡文迪許jr)", "articleTitle": "[問卦] 原來拖把可以拿來解開胸部!?", "articleDate": "Sun Mar 29 08:13:16 2020", "articleContent": "怎麼好像小屁男森才會幹的事\n\n\n用拖把抵住背部\n\n絞著制服轉動 https://i.imgur.com/XToHhXS.jpg 衣服撐不住\n\n扣子就整個解開了\n\n胸部就露出來了 https://i.imgur.com/NTkODc4.jpg 太幼稚了吧\n\n你是臭男森嗎\n\n反擊 https://i.imgur.com/kfZz8TK.jpg 有八卦嗎><\n\n\n\n\n\n\n果然只有你們最挺我了 https://i.imgur.com/i5n1N2F.jpg https://i.imgur.com/udT8Zfo.jpg https://www.ptt.cc/bbs/Gossiping/M.1585440798.A.AE6.html", "ip": "101.137.233.22", "msgCnt": {"all": 10, "count": 4, "push": 5, "boo": 1, "neutral": 4}, "msg": [{"push_tag": "推", "push_userid": "AlianF", "push_content": "大", "push_ipdatetime": "03/29 08:13"}, {"push_tag": "推", "push_userid": "makimakimaki", "push_content": "你以為只有掃把可以嗎", "push_ipdatetime": "03/29 08:14"}, {"push_tag": "→", "push_userid": "kobedestiny", "push_content": "有 五樓都這樣玩女生", "push_ipdatetime": "03/29 08:14"}, {"push_tag": "→", "push_userid": "stratege", "push_content": "臭", "push_ipdatetime": "03/29 08:14"}, {"push_tag": "推", "push_userid": "Fishing123", "push_content": "香", "push_ipdatetime": "03/29 08:14"}, {"push_tag": "推", "push_userid": "abc12812", "push_content": "五樓直接拿拖把自肛", "push_ipdatetime": "03/29 08:14"}, {"push_tag": "→", "push_userid": "viable", "push_content": "https://i.imgur.com/mwfPZJW.jpg", "push_ipdatetime": "03/29 08:15"}, {"push_tag": "→", "push_userid": "rootpresent", "push_content": "彈粗乃", "push_ipdatetime": "03/29 08:16"}, {"push_tag": "推", "push_userid": "sam810626", "push_content": "摩擦力不夠絞不起來", "push_ipdatetime": "03/29 08:27"}, {"push_tag": "噓", "push_userid": "kantantantan", "push_content": "臭", "push_ipdatetime": "03/29 08:29"}]},
{"url": "https://www.ptt.cc/bbs/Gossiping/M.1585440664.A.503.html", "articleId": "M.1585440664.A.503", "articleAuthor": "winteryoyo (blind unicorn)", "articleTitle": "[問卦] 居家隔離其實沒什麼用吧？", "articleDate": "Sun Mar 29 08:11:00 2020", "articleContent": "如題 從重災區回來的人\n\n在家裡隔離應該不會整天戴口罩吧\n\n他的家人也不會整天戴口罩\n\n而他的家人 整天進進出出\n\n外出也不戴口罩\n\n那居家隔離還有意義嗎？\n\n\n\n\n而且天知道隔離的人有沒有出來趴趴造\n\n確認方式就只有跟當兵放假一樣\n\n打電話跟長官報備\n\n有當兵的都知道\n\n長官打來時不在家的解套方式多了去\n\n誰會知道你有沒有去你家樓下的早餐店\n\n菜市場 還是超商之類的\n\n就算逛百貨公司 那些櫃台的人也不會知道\n\n\n\n\n\n匿名的居家隔離根本沒有意義吧？\n\n\n有沒有隔離系的解釋一下？\n\n還是房地產系的要解釋一下？ https://i.imgur.com/XJKaS0d.jpg https://www.ptt.cc/bbs/Gossiping/M.1585440664.A.503.html", "ip": "111.82.188.115", "msgCnt": {"all": 28, "count": 4, "push": 7, "boo": 3, "neutral": 18}, "msg": [{"push_tag": "推", "push_userid": "bengowa", "push_content": "就政府沒種抓去集中隔離啊", "push_ipdatetime": "03/29 08:12"}, {"push_tag": "→", "push_userid": "omfg5487", "push_content": "4", "push_ipdatetime": "03/29 08:12"}, {"push_tag": "噓", "push_userid": "deepdish", "push_content": "怎麼會沒用？不然要直接醫療癱瘓嗎？", "push_ipdatetime": "03/29 08:13"}, {"push_tag": "推", "push_userid": "abs135790", "push_content": "就政府欺騙人民說防疫做很好的說詞", "push_ipdatetime": "03/29 08:13"}, {"push_tag": "推", "push_userid": "a4162090", "push_content": "你知道我知道獨眼龍也知道", "push_ipdatetime": "03/29 08:13"}, {"push_tag": "→", "push_userid": "AlianF", "push_content": "畢竟不是豬r", "push_ipdatetime": "03/29 08:14"}, {"push_tag": "推", "push_userid": "dimw", "push_content": "了勝於無", "push_ipdatetime": "03/29 08:14"}, {"push_tag": "→", "push_userid": "rootpresent", "push_content": "你來醫阿 幹", "push_ipdatetime": "03/29 08:14"}, {"push_tag": "→", "push_userid": "qqzz001", "push_content": "其實家裡有人一起住 就應該全家一起隔離才對", "push_ipdatetime": "03/29 08:15"}, {"push_tag": "推", "push_userid": "dimw", "push_content": "這是選擇題 不是申論題 沒得自由發揮", "push_ipdatetime": "03/29 08:16"}, {"push_tag": "→", "push_userid": "dimw", "push_content": "當然最嚴格的選項就是軍事管制", "push_ipdatetime": "03/29 08:16"}, {"push_tag": "噓", "push_userid": "deepdish", "push_content": "https://youtu.be/yFPkZKgoEvs", "push_ipdatetime": "03/29 08:16"}, {"push_tag": "推", "push_userid": "canifly", "push_content": "居家隔離要戴口罩好嗎", "push_ipdatetime": "03/29 08:17"}, {"push_tag": "→", "push_userid": "dimw", "push_content": "但即使這樣也無法萬無一失", "push_ipdatetime": "03/29 08:17"}, {"push_tag": "噓", "push_userid": "leon771170", "push_content": "在家耍廢一天還有一千領 那沒用", "push_ipdatetime": "03/29 08:18"}, {"push_tag": "→", "push_userid": "godfight", "push_content": "所以大家戴好口罩勤洗手 兩週 兩週的撐下去吧", "push_ipdatetime": "03/29 08:18"}, {"push_tag": "→", "push_userid": "godfight", "push_content": "自主隔離是沒辦法中的辦法 我個人是覺得應該要公開資訊", "push_ipdatetime": "03/29 08:19"}, {"push_tag": "→", "push_userid": "godfight", "push_content": "如你所說居家隔離的家人 肯定是海龜這兩周的大漏洞", "push_ipdatetime": "03/29 08:20"}, {"push_tag": "推", "push_userid": "shengyeh", "push_content": "拜托 這種事 鄰居都會知道好嗎", "push_ipdatetime": "03/29 08:22"}, {"push_tag": "→", "push_userid": "shengyeh", "push_content": "其實正常人 社會給的壓力很大", "push_ipdatetime": "03/29 08:22"}, {"push_tag": "→", "push_userid": "shengyeh", "push_content": "真的最後被確診 還papa走", "push_ipdatetime": "03/29 08:23"}, {"push_tag": "→", "push_userid": "shengyeh", "push_content": "會被罵死", "push_ipdatetime": "03/29 08:24"}, {"push_tag": "→", "push_userid": "shengyeh", "push_content": "其實就考驗台灣人自己公德心", "push_ipdatetime": "03/29 08:25"}, {"push_tag": "→", "push_userid": "shengyeh", "push_content": "如果大家都不要臉", "push_ipdatetime": "03/29 08:26"}, {"push_tag": "→", "push_userid": "shengyeh", "push_content": "你今天公布他的資訊 他還不是可以papa走", "push_ipdatetime": "03/29 08:27"}, {"push_tag": "→", "push_userid": "shengyeh", "push_content": "除非真的都關起來", "push_ipdatetime": "03/29 08:27"}, {"push_tag": "→", "push_userid": "shengyeh", "push_content": "不然即使公開資訊 他出門買東西", "push_ipdatetime": "03/29 08:28"}, {"push_tag": "→", "push_userid": "shengyeh", "push_content": "賣家一率要看個資嗎", "push_ipdatetime": "03/29 08:29"}]},
{"url": "https://www.ptt.cc/bbs/Gossiping/M.1585440850.A.C4E.html", "articleId": "M.1585440850.A.C4E", "articleAuthor": "sb5471 (sb)", "articleTitle": "Re: [新聞] 傳中國快篩試劑錯誤率80% 捷克官員：沒", "articleDate": "Sun Mar 29 08:14:07 2020", "articleContent": ": 1.媒體來源: : 中央社 : 2.記者署名 : 3.完整新聞標題: : 傳中國快篩試劑錯誤率80% 捷克官員：沒那麼高 : 4.完整新聞內文: : （中央社記者林育立柏林25日專電）武漢肺炎蔓延中歐及東歐，捷克向中國採購快篩試劑 : ，卻傳出錯誤率高達80%，捷克衛生官員表示已知有錯誤率，但只有20%到30%。 : 捷克電台（Czech Radio）旗下新聞網站iRozhlas 23日報導，在東北部奧斯特拉瓦（ : Ostrava）大學任教的衛生專家斯伏辛諾娃（Pavla Svrnova）表示，21日在大學醫院測試這批2019年冠狀病毒疾病（COVID19，武漢肺炎）快篩試劑 : ，結果發現錯誤率約80%，檢測結果呈現偽陽性或偽陰性反應。 : 斯伏辛諾娃表示，他們將受檢樣本再進行傳統檢測，證實快篩試劑的錯誤率；雖然快篩試 : 劑是用來檢測結束隔離期的人，衛生專家仍會先確認檢測的可靠性。 : 她說，當地將繼續靠實驗室進行檢測，目前一天可處理900個樣本。 : 中國承諾全力協助捷克對抗新型冠狀病毒，近日運送大批防護衣、口罩等醫療物資到捷克 : ，讓捷克社會寄予厚望。捷克政府花費5400萬克朗（約新台幣6500萬元）向中國訂購30萬 : 劑快篩試劑，其中15萬劑已送到醫療機構。 : 對於快篩試劑傳出高錯誤率，捷克副總理暨內政部長哈瑪謝克（Jan Hamacek）表示，那 : 是因檢測方法不對，這些快篩試劑主要用在疾病已經持續一段期間、或結束14天隔離檢疫 : 期的人。 : 衛生部副部長普萊穆拉（Roman Prymula）則表示，他們知道中國這批快篩試劑有錯誤率 : ，但並非衛生專家所稱高達80%，錯誤率只有20%到30%，且快篩試劑檢測不是最終結果， : 但具參考性，快篩試劑要在症狀出現5到6天後進行檢測。 : 普萊穆拉指出，與聚合酶連鎖反應（PCR）檢測不同，快篩試劑無法篩檢體內存在病毒的 : 人，只能檢測抗體，檢測呈陰性代表沒有抗體，沒有抗體表示受檢者未受感染或病毒還沒 : 有被檢驗出來。 : 他也表示，快篩試劑不適合用來檢測已治癒的病例，因檢測結果有時會呈現陽性，且也檢 : 測不出隱匿的病毒，這時就必須再用PCR篩檢。（編輯：林憬屏）1090326 : 5.完整新聞連結 (或短網址): : https://www.cna.com.tw/news/aopl/202003260185.aspx 喔　幹...白痴ㄟ...\n\n錯誤率80%...反過來操作就可以啊...\n\n驗出來，把陰當作陽，把陽當作陰\n\n就能得到 80% 正確率惹~\n\n\n這摸簡單都想不到\n\n\n好了~ 不用謝我了~\n\n\n掛？\n\n\n https://www.ptt.cc/bbs/Gossiping/M.1585440850.A.C4E.html", "ip": "61.230.26.67", "msgCnt": {"all": 9, "count": 2, "push": 4, "boo": 2, "neutral": 3}, "msg": [{"push_tag": "噓", "push_userid": "flavorBZ", "push_content": "就沒那麼高", "push_ipdatetime": "03/29 08:14"}, {"push_tag": "→", "push_userid": "rootpresent", "push_content": "不錯 你可以跟小颯去賭博惹", "push_ipdatetime": "03/29 08:15"}, {"push_tag": "推", "push_userid": "cloudeda", "push_content": "推你幽默", "push_ipdatetime": "03/29 08:15"}, {"push_tag": "推", "push_userid": "icesweater", "push_content": "昨天也在想，超過50%到底是什麼意思", "push_ipdatetime": "03/29 08:15"}, {"push_tag": "噓", "push_userid": "badbadook", "push_content": "好屌 故意搞的?", "push_ipdatetime": "03/29 08:15"}, {"push_tag": "推", "push_userid": "Rinehot", "push_content": "就擲杯都比他準的概念", "push_ipdatetime": "03/29 08:18"}, {"push_tag": "→", "push_userid": "j0618204", "push_content": "顆顆，都說檢測抗體了。目前要抓出感染源是要買檢測病毒", "push_ipdatetime": "03/29 08:18"}, {"push_tag": "推", "push_userid": "WFSGT", "push_content": "欞~率高達80%真的是很腦殘的說法xdd", "push_ipdatetime": "03/29 08:32"}, {"push_tag": "→", "push_userid": "WFSGT", "push_content": "beptt今天怎麼一直亂碼…", "push_ipdatetime": "03/29 08:34"}]},
{"url": "https://www.ptt.cc/bbs/Gossiping/M.1585440849.A.8B2.html", "articleId": "M.1585440849.A.8B2", "articleAuthor": "roger840410 (roger)", "articleTitle": "Re: [新聞] 中共竄改課本 國際名著被刪至面目全非", "articleDate": "Sun Mar 29 08:14:06 2020", "articleContent": ": 標題：Re: [新聞] 中共竄改課本 國際名著被刪至面目全非 : 時間: Sun Mar 29 05:21:16 2020 : : : 大紀元 : : 中共竄改課本 國際名著被刪至面目全非 : : 報導提到，為實現消除教科書中涉及宗教信仰的一切內容，中共正篡改被選入中小學生 教 : : 科書的國際知名作家的著作篇目，其中包括英國作家笛福的《魯濱遜漂流記》與安徒生 寫 : : 的《賣火柴的小女孩》等名著。 : : 報導說，這些經典文學著作中的上帝、信仰、禮拜、安息、聖經 等 : : 字眼，全數被中國當局刪除或竄改，例如契訶夫的短篇小說《凡卡》中，原版寫有看 在 : : 上帝面上的句子，但在刪改後卻變成看在老天爺面上，而《賣火柴的小女孩》中 提 : : 到，有一顆星星落下，就有一個靈魂要到上帝那兒去了，也被改成有一顆星星落 下 : : ，就有一個人離開。 : : 放屁 : : 我就是常看大陸翻譯世界名著的專家 : : 去看人民文學出版社的托爾斯泰作品 : : 上帝的字眼不知道出現過幾次 讓你看到不想看 : : 比如安娜卡列寧娜我印象很深 : : 列文老婆生小孩 他向上帝祈禱 : : 老婆小孩差點被雷劈死 他又向上帝祈禱 : : 不向上帝祈禱 不然還練法輪功嗎?? : : 而且那舉的例子有夠差 : : 大部分名著的翻譯都是幾十年前的 都已經作古的翻譯家 幾乎無人替代 : : 那時候的用語跟現在有差 : : 上帝翻成老天爺不都是god嗎?? : : 靈魂歸天不就等於有人死掉嗎?? : : 講得好像有上帝就見光死 不然通通換成法輪功如何?? : : 照這邏輯 托爾斯泰的作品都不用出了 因為他就是上帝的信徒 : : 貼一段人文社出版的 我特地簡轉繁 給那些垃圾法輪功聞香一下 : : ==== : 閃電、雷鳴和因為挨了雨淋而感到的寒冷，在列文心頭合成了一種恐怖 : 的感覺。 : 我的上帝我的上帝，千萬不要砸著她們他說。 : 雖然他立刻就想到，他禱告那棵已經倒下去的樹不要砸著她們是多麼沒 : 有意義，但是他又重複了一遍，知道他除了念這些毫無意義的祈禱文以外， : 再也沒有別的好辦法了。 : 跑到她們常去的那個地方，他沒有找到她們。 : 她們在樹林那一頭的一棵老菩提樹下，正在呼喊他。兩個穿深色衣服 : （她們出門的時候本來穿的是淺色衣服）的人站在那裡，彎腰俯在什麼上 : 面，這就是基蒂和那個保姆。雨已經停了。列文跑到她們那裡的時候天色亮 : 些了。保姆的衣服下半截是乾的，但是基蒂的衣服卻濕透了，整個貼在她身 : 上。雖然雨已經住了，但是她們站著的姿勢仍然像雷雨大作的時候那樣：她 : 們兩個都彎腰俯在一輛遮著綠陽傘的嬰兒車上。 : 平安無事吧？感謝上帝他說，穿著一隻快要掉下去的灌滿了水的靴 : 子蹚著水跑到她們跟前。 : 基蒂潮濕而紅潤的面孔轉過來望著他，戴著她那頂走了樣子的帽子羞怯 : 地微笑著。 : 哦，你不覺得難為情嗎？我不明白你怎麼能夠這樣胡來他惱怒地責 : 備他的妻子。 : 說實在的，這不是我的過錯。我們剛要走，他就鬧起來了。我們得給 : 他換尿布。我們剛要基蒂開始辯解。 : 米佳安然無恙，身上是乾的，安穩地熟睡著。 : 哦，感謝上帝我簡直不知道我在說什麼 : ==== 賣火柴的小女孩最新版本課本沒收錄了\n但魯賓遜漂流記還在\n明顯跟宗教聖經有關的全刪掉了\n\n以前人民出版社六年級國文下冊課本存檔照片 https://i.imgur.com/wRZDgcF.jpg 人民出版社官方2019 六年級國文下冊電子版 https://i.imgur.com/zPoT3a0.jpg 一萬p不用給我了 給當初跟你賭的人就好了\n\n來源： https://bp.pep.com.cn/ebook/ywliunjxc/mobile/index.html http://www.newxue.com/dianzikeben/1239662785777.html https://www.ptt.cc/bbs/Gossiping/M.1585440849.A.8B2.html", "ip": "61.62.160.173", "msgCnt": {"all": 6, "count": 4, "push": 4, "boo": 0, "neutral": 2}, "msg": [{"push_tag": "推", "push_userid": "cerberi", "push_content": "推查證", "push_ipdatetime": "03/29 08:15"}, {"push_tag": "→", "push_userid": "rootpresent", "push_content": "智障中國不意外", "push_ipdatetime": "03/29 08:16"}, {"push_tag": "推", "push_userid": "webster1112", "push_content": "支那賤畜還是吃屎最對味", "push_ipdatetime": "03/29 08:20"}, {"push_tag": "推", "push_userid": "lsjwew1", "push_content": "推", "push_ipdatetime": "03/29 08:23"}, {"push_tag": "→", "push_userid": "huijun", "push_content": "用殘體字的國家，看殘體文不意外", "push_ipdatetime": "03/29 08:23"}, {"push_tag": "推", "push_userid": "by740327", "push_content": "", "push_ipdatetime": "03/29 08:27"}]},
{"url": "https://www.ptt.cc/bbs/Gossiping/M.1585440640.A.83B.html", "articleId": "M.1585440640.A.83B", "articleAuthor": "Saint0822 (廣志)", "articleTitle": "Re: [新聞] 快訊／八德警開5槍阻酒駕！後座女中3槍", "articleDate": "Sun Mar 29 08:10:38 2020", "articleContent": "說真的\n不值得同情\n\n你明知道駕駛酒醉開車\n還搭他的車\n基本上自己就已經是在玩命了\n現在命真的被自己玩掉了\n\n你能怪別人嗎？\n喝酒不開車都已經宣導這麼多年了\n駕駛喝醉了你還搭他的車\n根本就是自找的\n\nSent from JPTT on my iPhone\n\n https://www.ptt.cc/bbs/Gossiping/M.1585440640.A.83B.html", "ip": "101.10.19.112", "msgCnt": {"all": 16, "count": 9, "push": 9, "boo": 0, "neutral": 7}, "msg": [{"push_tag": "推", "push_userid": "omfg5487", "push_content": "這女乘客死好", "push_ipdatetime": "03/29 08:11"}, {"push_tag": "→", "push_userid": "omfg5487", "push_content": "沒死只是幸運 死是剛好", "push_ipdatetime": "03/29 08:11"}, {"push_tag": "推", "push_userid": "A80211ab", "push_content": "也是", "push_ipdatetime": "03/29 08:12"}, {"push_tag": "→", "push_userid": "aa1052026", "push_content": "這命題的前提是女方上車時狀態是清醒", "push_ipdatetime": "03/29 08:13"}, {"push_tag": "→", "push_userid": "a86851247", "push_content": "法官最好會這樣", "push_ipdatetime": "03/29 08:13"}, {"push_tag": "→", "push_userid": "a86851247", "push_content": "想", "push_ipdatetime": "03/29 08:13"}, {"push_tag": "推", "push_userid": "m4tl6", "push_content": "我支持警察", "push_ipdatetime": "03/29 08:13"}, {"push_tag": "→", "push_userid": "leon771170", "push_content": "沒被槍打死 也是車禍死", "push_ipdatetime": "03/29 08:13"}, {"push_tag": "→", "push_userid": "aa1052026", "push_content": "結果讓車停下的不是開槍 而是警網包圍", "push_ipdatetime": "03/29 08:14"}, {"push_tag": "推", "push_userid": "nightwing", "push_content": "女生交了壞朋友 看見酒駕不停車 乘客不會勸阻駕駛嗎？", "push_ipdatetime": "03/29 08:15"}, {"push_tag": "推", "push_userid": "TaiwanDPP", "push_content": "八卦是八德分局很愛追犯人、常看到警車在追犯人", "push_ipdatetime": "03/29 08:16"}, {"push_tag": "→", "push_userid": "TaiwanDPP", "push_content": "在台北比較少見", "push_ipdatetime": "03/29 08:16"}, {"push_tag": "推", "push_userid": "DiabloXX", "push_content": "樓上怎麼不說桃園犯人很愛跑給警察追？", "push_ipdatetime": "03/29 08:24"}, {"push_tag": "推", "push_userid": "alladult", "push_content": "台北的犯人都追著警察跑", "push_ipdatetime": "03/29 08:25"}, {"push_tag": "推", "push_userid": "TaiwanDPP", "push_content": "是台中吧", "push_ipdatetime": "03/29 08:28"}, {"push_tag": "推", "push_userid": "Yamada", "push_content": "不愧是掛著DPP，想法都異於常人", "push_ipdatetime": "03/29 08:29"}]},
{"url": "https://www.ptt.cc/bbs/Gossiping/M.1585440709.A.FDA.html", "articleId": "M.1585440709.A.FDA", "articleAuthor": "dearbarry (莫言悲)", "articleTitle": "[問卦] 台劇的巔峰時期是 ？", "articleDate": "Sun Mar 29 08:11:47 2020", "articleContent": "如題啦\n\n台灣人才薈萃\n\n曾經也有過能夠外銷我們的戲劇的時期啦\n\n偶像劇改編日本漫畫的策略也十分奏效\n\n終極系列 流星花園  光陰的故事 麻辣鮮師\n\n有許多耳熟能詳的作品啦\n\n感覺現在好像稍微沒落了一點\n\n有討論度的好像只剩公視的作品\n\n也可能是我老了\n\n大家覺得台劇的巔峰是什麼時候呢 ？\n\n\n https://www.ptt.cc/bbs/Gossiping/M.1585440709.A.FDA.html", "ip": "42.72.28.104", "msgCnt": {"all": 34, "count": 22, "push": 22, "boo": 0, "neutral": 12}, "msg": [{"push_tag": "推", "push_userid": "kobedestiny", "push_content": "五樓20歲的時候", "push_ipdatetime": "03/29 08:12"}, {"push_tag": "推", "push_userid": "rootpresent", "push_content": "劉文賢在的時候", "push_ipdatetime": "03/29 08:12"}, {"push_tag": "→", "push_userid": "NikkiNikki", "push_content": "夜市人生", "push_ipdatetime": "03/29 08:12"}, {"push_tag": "推", "push_userid": "rosemoli", "push_content": "包青天", "push_ipdatetime": "03/29 08:12"}, {"push_tag": "推", "push_userid": "LianD", "push_content": "台視偶像劇", "push_ipdatetime": "03/29 08:12"}, {"push_tag": "推", "push_userid": "stratege", "push_content": "飛龍在天", "push_ipdatetime": "03/29 08:13"}, {"push_tag": "推", "push_userid": "evcafe", "push_content": "命中註定我愛你的時期是全盛期", "push_ipdatetime": "03/29 08:13"}, {"push_tag": "→", "push_userid": "kobedestiny", "push_content": "那時候樓上幾歲XD", "push_ipdatetime": "03/29 08:13"}, {"push_tag": "推", "push_userid": "chongwen", "push_content": "台劇的巔峰，應該到是2012年之前", "push_ipdatetime": "03/29 08:13"}, {"push_tag": "→", "push_userid": "rootpresent", "push_content": "劉文聰喔 靠腰", "push_ipdatetime": "03/29 08:13"}, {"push_tag": "→", "push_userid": "evcafe", "push_content": "八日檔根本不值得討論...", "push_ipdatetime": "03/29 08:14"}, {"push_tag": "推", "push_userid": "Xaymaca", "push_content": "陳水扁總統時期    各領域都再創巔峰", "push_ipdatetime": "03/29 08:14"}, {"push_tag": "推", "push_userid": "loveinmars", "push_content": "西街少年那時候", "push_ipdatetime": "03/29 08:14"}, {"push_tag": "推", "push_userid": "bilk", "push_content": "一堆阿菜 一代女皇 包青天 浴火鳳凰才是巔峰", "push_ipdatetime": "03/29 08:16"}, {"push_tag": "→", "push_userid": "ksco", "push_content": "現在！台客劇場", "push_ipdatetime": "03/29 08:18"}, {"push_tag": "推", "push_userid": "vios10009", "push_content": "劉伯溫", "push_ipdatetime": "03/29 08:19"}, {"push_tag": "→", "push_userid": "skylion", "push_content": "現在", "push_ipdatetime": "03/29 08:19"}, {"push_tag": "推", "push_userid": "wayhwa", "push_content": "一支番仔火霹靂火時代", "push_ipdatetime": "03/29 08:20"}, {"push_tag": "推", "push_userid": "Westan", "push_content": "京華煙雲 京城四少 八月桂花香", "push_ipdatetime": "03/29 08:21"}, {"push_tag": "推", "push_userid": "mepe1018", "push_content": "霹靂火 警世婆婆媳婦系列 瓊瑤系列～花系列", "push_ipdatetime": "03/29 08:22"}, {"push_tag": "→", "push_userid": "mepe1018", "push_content": "當年八點檔很精彩時期", "push_ipdatetime": "03/29 08:22"}, {"push_tag": "推", "push_userid": "ship1228", "push_content": "意難忘 謝謝", "push_ipdatetime": "03/29 08:23"}, {"push_tag": "推", "push_userid": "bluelune", "push_content": "史豔文", "push_ipdatetime": "03/29 08:24"}, {"push_tag": "→", "push_userid": "ship1228", "push_content": "全台灣沒有人不認識王識賢 ok?", "push_ipdatetime": "03/29 08:24"}, {"push_tag": "→", "push_userid": "nobodywang", "push_content": "楊佩佩", "push_ipdatetime": "03/29 08:25"}, {"push_tag": "推", "push_userid": "apu1234", "push_content": "MVP情人 西街少年", "push_ipdatetime": "03/29 08:25"}, {"push_tag": "推", "push_userid": "shimazu", "push_content": "劉文聰，公車萍", "push_ipdatetime": "03/29 08:26"}, {"push_tag": "推", "push_userid": "xiyephoto", "push_content": "太陽花吧", "push_ipdatetime": "03/29 08:26"}, {"push_tag": "推", "push_userid": "smallGY", "push_content": "這幾年也很好啊 通靈少女 與惡 想見你", "push_ipdatetime": "03/29 08:27"}, {"push_tag": "→", "push_userid": "xiyephoto", "push_content": "花系列，感覺劇本演技都有用心", "push_ipdatetime": "03/29 08:27"}, {"push_tag": "推", "push_userid": "Koibito", "push_content": "痞子英雄", "push_ipdatetime": "03/29 08:28"}, {"push_tag": "推", "push_userid": "jorge70171", "push_content": "痞子英雄", "push_ipdatetime": "03/29 08:28"}, {"push_tag": "→", "push_userid": "xiyephoto", "push_content": "改推，痞子英雄", "push_ipdatetime": "03/29 08:28"}, {"push_tag": "→", "push_userid": "ethanwu0414", "push_content": "親戚不計較", "push_ipdatetime": "03/29 08:30"}]},
{"url": "https://www.ptt.cc/bbs/Gossiping/M.1585441288.A.1A2.html", "articleId": "M.1585441288.A.1A2", "articleAuthor": "Felixxx5566 (Felixxx)", "articleTitle": "[問卦] 禁用吸管是不是扯防疫後腿??", "articleDate": "Sun Mar 29 08:21:26 2020", "articleContent": "以前外帶飲料吸管一插就可以安心喝\n\n卻因禁用吸管 一堆連鎖店發明了口接蓋\n\n店員手往蓋上一壓 客人再嘴吸著杯蓋喝\n\n嗯...真香~~~\n\n https://www.ptt.cc/bbs/Gossiping/M.1585441288.A.1A2.html", "ip": "61.228.244.150", "msgCnt": {"all": 9, "count": 5, "push": 6, "boo": 1, "neutral": 2}, "msg": [{"push_tag": "→", "push_userid": "MrXD", "push_content": "沒台灣價值齁", "push_ipdatetime": "03/29 08:22"}, {"push_tag": "推", "push_userid": "kobedestiny", "push_content": "妳可以跟阿中說", "push_ipdatetime": "03/29 08:22"}, {"push_tag": "→", "push_userid": "VVizZ", "push_content": "是", "push_ipdatetime": "03/29 08:22"}, {"push_tag": "推", "push_userid": "albatros238", "push_content": "五樓都吸六樓懶覺", "push_ipdatetime": "03/29 08:22"}, {"push_tag": "推", "push_userid": "nightwing", "push_content": "你可以把蓋子打開來喝啊  = =", "push_ipdatetime": "03/29 08:23"}, {"push_tag": "噓", "push_userid": "kianwei", "push_content": "吸管也可以扯到防疫，真強者...", "push_ipdatetime": "03/29 08:24"}, {"push_tag": "推", "push_userid": "DarkerDuck", "push_content": "海龜得病需要插管，怎麼可以隨便用掉", "push_ipdatetime": "03/29 08:25"}, {"push_tag": "推", "push_userid": "cchart", "push_content": "現在應該全面恢復免洗餐具", "push_ipdatetime": "03/29 08:26"}, {"push_tag": "推", "push_userid": "lastphil", "push_content": "是 現在很多店家和公司都已超前部屬 宣布全面使用免洗了", "push_ipdatetime": "03/29 08:27"}]},
{"url": "https://www.ptt.cc/bbs/Gossiping/M.1585441149.A.36A.html", "articleId": "M.1585441149.A.36A", "articleAuthor": "yao52368 (你說我帥?)", "articleTitle": "[問卦] 早起的鳥兒叫我起床？", "articleDate": "Sun Mar 29 08:19:05 2020", "articleContent": "肥宅們 古摸寧\n\n4這樣的房間窗型冷氣\n\n每天早上6點天剛亮\n\n就一堆鳥站在冷氣上面\n\n叫呀叫 拍呀拍翅膀的\n\n還傳來陣陣鳥屎味\n\n早起的鳥兒有蟲吃\n\n什麼時候早起的鳥兒叫我起床\n\n聞鳥屎？\n\n又掛否？\n\nSent from JPTT on my iPhone\n\n https://www.ptt.cc/bbs/Gossiping/M.1585441149.A.36A.html", "ip": "61.227.245.150", "msgCnt": {"all": 10, "count": 2, "push": 2, "boo": 0, "neutral": 8}, "msg": [{"push_tag": "推", "push_userid": "kobedestiny", "push_content": "五樓家養的", "push_ipdatetime": "03/29 08:19"}, {"push_tag": "→", "push_userid": "viable", "push_content": "https://i.imgur.com/mwfPZJW.jpg", "push_ipdatetime": "03/29 08:19"}, {"push_tag": "推", "push_userid": "evcafe", "push_content": "五樓的鳥不會叫很適合你", "push_ipdatetime": "03/29 08:21"}, {"push_tag": "→", "push_userid": "rty99638125", "push_content": "樓上圖片到底是殺小 看好幾次還是看不懂", "push_ipdatetime": "03/29 08:21"}, {"push_tag": "→", "push_userid": "viable", "push_content": "從所謂神明廳丟出去的垃圾", "push_ipdatetime": "03/29 08:24"}, {"push_tag": "→", "push_userid": "kobedestiny", "push_content": "那是啥 被遺棄的神像嗎？", "push_ipdatetime": "03/29 08:27"}, {"push_tag": "→", "push_userid": "viable", "push_content": "早餐要看哪一部法醫病理解剖學配早餐呢？我十多年前許的", "push_ipdatetime": "03/29 08:28"}, {"push_tag": "→", "push_userid": "viable", "push_content": "願望是灰飛煙滅魂飛魄散都還沒實現 三戰打了應該可以", "push_ipdatetime": "03/29 08:28"}, {"push_tag": "→", "push_userid": "viable", "push_content": "那叫尸位素餐的垃圾", "push_ipdatetime": "03/29 08:28"}, {"push_tag": "→", "push_userid": "viable", "push_content": "亦稱廢物", "push_ipdatetime": "03/29 08:29"}]},
{"url": "https://www.ptt.cc/bbs/Gossiping/M.1585440979.A.196.html", "articleId": "M.1585440979.A.196", "articleAuthor": "sunbysea (忠言逆耳良藥苦口)", "articleTitle": "[新聞] 中共造謠病毒來自美國航母 被揭漏洞百出", "articleDate": "Sun Mar 29 08:16:14 2020", "articleContent": "1.媒體來源:\n\n新唐人\n\n2.記者署名\n\n記者鐘鼓笙綜合報導/責任編輯：明軒\n\n3.完整新聞標題:\n\n中共造謠病毒來自美國航母 被揭漏洞百出（視頻）\n\n4.完整新聞內文: https://i.imgur.com/roQdpbY.jpg 中共主播造謠抹黑美軍，如朝鮮主播一般聲情並茂。（視頻截圖）\n\n北京時間：20200329 05:52\n\n新唐人北京時間2020年03月29日訊中共仍在開足馬力甩鍋美國，連美國航母水手感染中共病毒（武漢肺炎），也被黨媒和網軍宣傳成病毒來自美國的證據。但網友只稍微翻查了一下早前黨媒報導，就戳穿了謊言。\n\n3月24日，美國太平洋航空母艦羅斯福號（USS Theodore Roosevelt CVN71，譯文西奧多羅斯福號航空母艦）上，首次報告3名確診病例。截至28日，該艦確診人數已上升到36例。\n\n在羅斯福號確診人數不斷上升的同時，中國網絡上針對該艦的謠言也在熱傳。黨媒《環球時報》軍事評論員戴旭在社交媒體上發文稱，該航母1月份就離開美國在太平洋航行，船上又沒有中國人，是怎麼感染的呢？ https://i.imgur.com/7eDvJ9I.jpg （網頁截圖）\n\n該網文被五毛們大肆炒作，成了病毒起源於美國的又一個證據。還有主播據此製作成聲情並茂的視頻，在網上流傳。 https://i.imgur.com/hyY037A.png 關堯  Alston Kwan\n@Alston_Kwan\n中共一刻不停的制造各种谎言，这是一个观看量1.5亿人次的视频，几乎覆盖中国人口的1/10。\n\n中国人看过视频，思考了1个小时，航母上都是美国人，不可能有中国人上去，而且很久没靠岸，一直在海上漂，到底答案是什么呢？头好痛终于懂了，病毒一开始就在航母上，所以... WuhanVirus CCPVirus https://twitter.com/Alston_Kwan/status/1243815242229878785 不過，有網友很快就發現其中破綻：中共病毒平均潛伏期只有數日，雖然也有部分潛伏期超長，但羅斯福上有多達5000名官兵，如果1月就有人感染，為何3月下旬才爆發？\n\n還有熟悉軍事的網友指出，航空母艦一般不會這麼長時間都在海上，總是要上岸補給的。有網友翻查黨媒報導發現，早在3月5日，中共央視就曾報導，羅斯福號當日抵達越南峴港，展開為期4天的訪問。期間5000名水手輪番上岸旅遊參觀，越南民眾經篩查病毒後，也曾進入航母參觀。當時越南已有多名確診病例。 https://i.imgur.com/YY9AWz1.jpg 中共央視3月5日報導截圖。\n\n此外，戴旭所在的《環球時報》，3月28日還發文分析羅斯福號水手感染的原因，並透露該艦不但曾訪問越南，3月中旬還曾與其它美軍艦隊、戰機舉行聯合軍演，期間也曾抵達菲律賓海，進行了一次海上橫向補給。隨後，隨著疫情爆發，美國海軍意識到病毒一旦在航母上爆發的嚴重後果，開始派人登艦檢疫，隨後發現有人感染。 https://i.imgur.com/82NrMpy.jpg 中共環球網3月28日報導截圖。\n\n不過，中共網軍卻無視這些事實，極盡抹黑之能事。除了戴旭的網文之外，還有疑似中方背景的網民在Youtube上傳視頻，聲稱羅斯福雖然曾訪問越南，但越南因為擔心美軍播毒，沒有讓航母靠岸。 https://youtu.be/_SAu49nLb8Q （記者鐘鼓笙綜合報導/責任編輯：明軒）\n\n5.完整新聞連結 (或短網址): https://www.ntdtv.com/b5/2020/03/28/a102810776.html 6.備註:\n\n 於 貴州省平塘縣掌布鄉 發現的 藏字石 ，藏於距今 2.7億年左右的二疊統棲霞組 深灰色岩 中，石上六個大字 中國共產黨亡 ，可謂是 天滅中共 、天意使然， 中國共產黨 就是古今中外各種 預言 中的 末世魔鬼 ， 迷惑欺騙全人類的 赤龍撒旦 ，望 百姓明鑒 ， 曾入 中共黨團隊 者，記得 退黨、退團、退隊 ， 三退 抹去 獸印 ，與惡黨劃 清界線， 善惡報應 之時才不至於隨惡黨一起遭報，給自己選擇一個 光明美好的未來 https://i.imgur.com/MGxr2Ng.jpg https://youtu.be/OSqNGxXB1tg https://www.ptt.cc/bbs/Gossiping/M.1585440979.A.196.html", "ip": "1.200.35.131", "msgCnt": {"all": 16, "count": 7, "push": 8, "boo": 1, "neutral": 7}, "msg": [{"push_tag": "→", "push_userid": "omfg5487", "push_content": "低端", "push_ipdatetime": "03/29 08:16"}, {"push_tag": "→", "push_userid": "rootpresent", "push_content": "中國 腦洞", "push_ipdatetime": "03/29 08:16"}, {"push_tag": "推", "push_userid": "nathan2000", "push_content": "網路造謠根本現代戰爭.", "push_ipdatetime": "03/29 08:17"}, {"push_tag": "推", "push_userid": "Xaymaca", "push_content": "幹他媽的中國人跟中二白癡一樣", "push_ipdatetime": "03/29 08:18"}, {"push_tag": "推", "push_userid": "CZOM", "push_content": "中美大戰？", "push_ipdatetime": "03/29 08:18"}, {"push_tag": "推", "push_userid": "mucorn", "push_content": "OK. 等著看美國制裁", "push_ipdatetime": "03/29 08:19"}, {"push_tag": "→", "push_userid": "nightwing", "push_content": "中國分明是把美國人當成病貓", "push_ipdatetime": "03/29 08:20"}, {"push_tag": "→", "push_userid": "pcpcpcpcpcpc", "push_content": "中共真的很垃圾", "push_ipdatetime": "03/29 08:20"}, {"push_tag": "→", "push_userid": "webster1112", "push_content": "支那賤畜還是吃屎最對味", "push_ipdatetime": "03/29 08:20"}, {"push_tag": "噓", "push_userid": "t7556281", "push_content": "智障國家", "push_ipdatetime": "03/29 08:20"}, {"push_tag": "推", "push_userid": "wennai", "push_content": "垃圾支那", "push_ipdatetime": "03/29 08:21"}, {"push_tag": "推", "push_userid": "huijun", "push_content": "五毛真白癡", "push_ipdatetime": "03/29 08:21"}, {"push_tag": "→", "push_userid": "evcafe", "push_content": "智障支那", "push_ipdatetime": "03/29 08:22"}, {"push_tag": "推", "push_userid": "cerberi", "push_content": "中共不意外", "push_ipdatetime": "03/29 08:22"}, {"push_tag": "推", "push_userid": "osvaldo4040", "push_content": "中國在現實跟網路跟各個地方就跟這武漢肺炎病毒一樣", "push_ipdatetime": "03/29 08:24"}, {"push_tag": "→", "push_userid": "osvaldo4040", "push_content": "傳播力可怕阿", "push_ipdatetime": "03/29 08:24"}]},
{"url": "https://www.ptt.cc/bbs/Gossiping/M.1585441447.A.A8C.html", "articleId": "M.1585441447.A.A8C", "articleAuthor": "xlaws (Xlaws)", "articleTitle": "[問卦] 三月底還下雪？", "articleDate": "Sun Mar 29 08:24:05 2020", "articleContent": "雖然昨天氣象預報有說會下雪\n\n不過是說沒有到會積雪的程度\n\n結果阿肥剛剛一看發現，雪根本超大\n\n都三月底了還下雪，是不是代表有冤情啊 https://i.imgur.com/T6CZgDO.jpg https://www.ptt.cc/bbs/Gossiping/M.1585441447.A.A8C.html 除了去超市以外我已經快兩個禮拜沒出去了 有嗎，東京三月很少看到下雪的 東京都杉並區啦", "ip": "61.207.105.223", "msgCnt": {"all": 19, "count": 4, "push": 5, "boo": 1, "neutral": 13}, "msg": [{"push_tag": "→", "push_userid": "kobedestiny", "push_content": "武漢肺炎冤死的", "push_ipdatetime": "03/29 08:24"}, {"push_tag": "→", "push_userid": "kaodio", "push_content": "老天要你不要趴趴走 乖乖在家隔離好嗎", "push_ipdatetime": "03/29 08:25"}, {"push_tag": "→", "push_userid": "omfg5487", "push_content": "正常ㄅ", "push_ipdatetime": "03/29 08:25"}, {"push_tag": "→", "push_userid": "littlegreen", "push_content": "緯度", "push_ipdatetime": "03/29 08:25"}, {"push_tag": "→", "push_userid": "donation12", "push_content": "這是日本嗎?", "push_ipdatetime": "03/29 08:25"}, {"push_tag": "→", "push_userid": "kobedestiny", "push_content": "等七月啊共那邊下學在發這文不遲", "push_ipdatetime": "03/29 08:25"}, {"push_tag": "→", "push_userid": "donation12", "push_content": "看起來像北海道", "push_ipdatetime": "03/29 08:26"}, {"push_tag": "→", "push_userid": "kobedestiny", "push_content": "雪啦", "push_ipdatetime": "03/29 08:26"}, {"push_tag": "噓", "push_userid": "bengowa", "push_content": "五月雪 有沒有聽過", "push_ipdatetime": "03/29 08:26"}, {"push_tag": "→", "push_userid": "leon771170", "push_content": "莫名得流感或武肺 莫名抬去燒掉 還靈堂勒 告別式勒", "push_ipdatetime": "03/29 08:28"}, {"push_tag": "→", "push_userid": "Thaichonburi", "push_content": "往年三月 日本都還有滑雪場開 這沒甚意外的", "push_ipdatetime": "03/29 08:28"}, {"push_tag": "推", "push_userid": "killseven", "push_content": "三月下雪還好阿  正常", "push_ipdatetime": "03/29 08:29"}, {"push_tag": "→", "push_userid": "aliown", "push_content": "我這邊雪都沒了", "push_ipdatetime": "03/29 08:29"}, {"push_tag": "→", "push_userid": "aliown", "push_content": "https://i.imgur.com/9IIH8Fh.jpg", "push_ipdatetime": "03/29 08:29"}, {"push_tag": "推", "push_userid": "vicjoyce0328", "push_content": "北海道四月中都會下雪", "push_ipdatetime": "03/29 08:29"}, {"push_tag": "推", "push_userid": "a0986188522", "push_content": "有冤情", "push_ipdatetime": "03/29 08:33"}, {"push_tag": "推", "push_userid": "jeter17", "push_content": "一看就日本", "push_ipdatetime": "03/29 08:33"}, {"push_tag": "→", "push_userid": "jeter17", "push_content": "其實東京不太下雪", "push_ipdatetime": "03/29 08:33"}, {"push_tag": "推", "push_userid": "bluebluelan", "push_content": "很好啊 人們才不會出去亂跑", "push_ipdatetime": "03/29 08:33"}]},
{"url": "https://www.ptt.cc/bbs/Gossiping/M.1585441413.A.F49.html", "articleId": "M.1585441413.A.F49", "articleAuthor": "lpbrother (LP哥(LP = Love & Peace))", "articleTitle": "[問卦] 房貸降息房東會降租嗎？", "articleDate": "Sun Mar 29 08:23:31 2020", "articleContent": "前幾天宣布公股銀行要降息半年，\n\n共體時艱，苦民所苦\n\n這樣房東也要降租半年，苦民所苦嗎？\n\n有沒有八卦？\n\n https://www.ptt.cc/bbs/Gossiping/M.1585441413.A.F49.html", "ip": "180.176.64.76", "msgCnt": {"all": 10, "count": 2, "push": 3, "boo": 1, "neutral": 6}, "msg": [{"push_tag": "推", "push_userid": "omfg5487", "push_content": "不會", "push_ipdatetime": "03/29 08:23"}, {"push_tag": "→", "push_userid": "kobedestiny", "push_content": "五樓房東 他會跟妳商討", "push_ipdatetime": "03/29 08:23"}, {"push_tag": "→", "push_userid": "vios10009", "push_content": "不會", "push_ipdatetime": "03/29 08:24"}, {"push_tag": "→", "push_userid": "omfg5487", "push_content": "樓下肛交會戴套", "push_ipdatetime": "03/29 08:24"}, {"push_tag": "推", "push_userid": "roger840410", "push_content": "我的利息收入變少了所以要漲房租", "push_ipdatetime": "03/29 08:25"}, {"push_tag": "噓", "push_userid": "flavorBZ", "push_content": "不會，沒錢就滾", "push_ipdatetime": "03/29 08:27"}, {"push_tag": "→", "push_userid": "iverson76ers", "push_content": "房東:人力銀行也降再叫我", "push_ipdatetime": "03/29 08:27"}, {"push_tag": "→", "push_userid": "z0953781935", "push_content": "有人貸款是用固定利率的啊", "push_ipdatetime": "03/29 08:27"}, {"push_tag": "→", "push_userid": "flavorBZ", "push_content": "你不租別人會租，滾", "push_ipdatetime": "03/29 08:28"}, {"push_tag": "推", "push_userid": "Kouson", "push_content": "覺得利率低 幹嘛不自己去買房？ 買房的好機會啊", "push_ipdatetime": "03/29 08:30"}]},
{"url": "https://www.ptt.cc/bbs/Gossiping/M.1585440899.A.F68.html", "articleId": "M.1585440899.A.F68", "articleAuthor": "whe84311 (Rainsa)", "articleTitle": "[新聞] 肯亞直接往市集打催淚彈宣導防疫", "articleDate": "Sun Mar 29 08:14:55 2020", "articleContent": "1.媒體來源:SETN\n\n\n2.記者署名: 國際中心黃韻璇\n\n3.完整新聞標題:\n\n市場太擠肯亞警發射催淚彈：乖乖待在家 https://i.imgur.com/860R84o.jpg 4.完整新聞內文:\n\n武漢肺炎（COVID19，2019新型冠狀病毒）擴散全球，各國政府採取各式各樣的措施，就是要阻止疫情的蔓延，然而肯亞卻選擇採取極端手段，為了阻止人們繼續聚集在擁擠的市場，防暴警察竟然在大白天朝著市場發射催淚瓦斯。\n\n綜合外媒報導，肯亞政府上週末發布命令，關閉所有人群聚集的公開市場和公共汽車停車場，防堵武漢肺炎因為人潮聚集而加速傳播，然而許多民眾、攤商仍繼續在市場聚集，警方隨即進入市場驅散民眾。\n\n警車開著警報器進入市場，接著武裝警察穿著全套的防爆裝備，朝人群發射催淚瓦斯試圖驅散人們，就有當地民眾相當憤怒，向記者表示我們都知道武漢肺炎帶來的威脅，但大部分的肯亞人都很貧窮，我們需要工作獲取食物。\n\n肯牙民眾也說，如果政府真的希望他們待在家中不要出門，那必須向他們提供獎金，截至27日晚間，肯亞境內累積的確診病例有31例、死亡1例。\n\n\n5.完整新聞連結 (或短網址): https://www.setn.com/news.aspx?NewsID=715679 6.備註: https://www.ptt.cc/bbs/Gossiping/M.1585440899.A.F68.html", "ip": "42.72.243.133", "msgCnt": {"all": 11, "count": 7, "push": 7, "boo": 0, "neutral": 4}, "msg": [{"push_tag": "推", "push_userid": "omfg5487", "push_content": "先進國家 幸福國度", "push_ipdatetime": "03/29 08:15"}, {"push_tag": "→", "push_userid": "flavorBZ", "push_content": "一群垃圾", "push_ipdatetime": "03/29 08:15"}, {"push_tag": "推", "push_userid": "derekhsu", "push_content": "非洲兄弟的招數真的不一樣", "push_ipdatetime": "03/29 08:15"}, {"push_tag": "→", "push_userid": "qazsedcft", "push_content": "香港化", "push_ipdatetime": "03/29 08:16"}, {"push_tag": "推", "push_userid": "iamsocool", "push_content": "標靶治療", "push_ipdatetime": "03/29 08:16"}, {"push_tag": "推", "push_userid": "postpost", "push_content": "以前屁孩會對交配中的狗狗丟鞭炮，有影無?", "push_ipdatetime": "03/29 08:17"}, {"push_tag": "→", "push_userid": "rootpresent", "push_content": "腦幹逆", "push_ipdatetime": "03/29 08:17"}, {"push_tag": "→", "push_userid": "deepdish", "push_content": "https://youtu.be/yFPkZKgoEvs", "push_ipdatetime": "03/29 08:17"}, {"push_tag": "推", "push_userid": "nightwing", "push_content": "https://i.imgur.com/pd5DPxX.jpg", "push_ipdatetime": "03/29 08:19"}, {"push_tag": "推", "push_userid": "VVizZ", "push_content": "狂", "push_ipdatetime": "03/29 08:22"}, {"push_tag": "推", "push_userid": "joker00507", "push_content": "香港領先全球", "push_ipdatetime": "03/29 08:23"}]},
{"url": "https://www.ptt.cc/bbs/Gossiping/M.1585442060.A.292.html", "articleId": "M.1585442060.A.292", "articleAuthor": "jimmysam2002 (jimmy)", "articleTitle": "政院規劃 超商可持卡", "articleDate": "Sun Mar 29 08:34:18 2020", "articleContent": "1.媒體來源:自由時報 2.記者署名  李欣芳 3.完整新聞標題:武漢肺炎》政院規劃 超商可持卡直接買口罩 4.完整新聞內文:\n20200329 05:30:00\n擬憑健保卡、身分證等確認身分\n記者李欣芳台北報導口罩實名制二正進行第二輪網購的預購付款，據悉，行政\n院為讓民眾更快速、更方便買到口罩，已在規劃推動民眾持健保卡、身分證、自然人憑證\n或信用卡等憑證，到四大超商與系統連線感應，確認個人身分後，直接在超商購買口罩並\n當場取貨。\n\n據悉，負責實名制二政策的行政院政務委員唐鳳，前天邀集健保署與四大超商業者會\n商，討論如何讓民眾購買口罩更快更方便。唐鳳幕僚表示，已有初步的相關方案，但須待\n蘇揆拍板定案，目前不能透露。\n\n知情政院官員表示，目前研議的方案，就是規劃推動民眾到四大超商持健保卡、身分證、\n自然人憑證或信用卡等憑證，與系統連線感應，直接在超商購買口罩並當場取貨。\n\n方便不熟悉網路的中老年人\n政院官員指出，若可不透過網路預購口罩，直接在超商以健保卡等憑證感應購買，將方便\n更多不熟悉網路操作的中老年人購買，也讓一般民眾在健保特約藥局排隊買口罩之外，有\n更便利的選擇。不過，這涉及電腦系統的修改，未來將呈報行政院長蘇貞昌拍板後，就可\n修改電腦系統並經測試後儘速實施。\n\n口罩實名制二第二輪預購至前晚八時止，根據健保署統計，總計有一七三萬多人完成\n預購程序，未達二三三萬人門檻，因此第二輪預購也無須抽籤。\n\n官員表示，行政院原預估第二輪網購有三百萬片口罩的需求，但預購結束後，還有一百多\n萬片可釋出，盼讓民眾能更便利買到口罩。 5.完整新聞連結 (或短網址): https://news.ltn.com.tw/news/life/paper/1362049 6.備註: 怕豹，會不會網路購買的領貨又要跟這些人一起擠\n\n https://www.ptt.cc/bbs/Gossiping/M.1585442060.A.292.html", "ip": "123.192.217.117", "msgCnt": {"all": 0, "count": 0, "push": 0, "boo": 0, "neutral": 0}, "msg": []},
{"url": "https://www.ptt.cc/bbs/Gossiping/M.1585441622.A.010.html", "articleId": "M.1585441622.A.010", "articleAuthor": "leon105 (@@)", "articleTitle": "[新聞] 鄧福如消失5年被冷凍　老公HowHow「護妻", "articleDate": "Sun Mar 29 08:26:59 2020", "articleContent": "1.媒體來源:\nETtoday\n\n\n2.記者署名\n記者李玟儀綜合報導\n\n\n3.完整新聞標題:\n鄧福如消失5年被冷凍　老公HowHow護妻超暖一句話閃瞎\n\n\n4.完整新聞內文:\n歌手鄧福如和YouTuber HowHow（陳孜昊）在2019年情人節登記結婚後，同年補辦婚宴，\n正式升格為夫妻。2人在鏡頭前不常合體，但恩愛互動流露於細節中，她最近發行新單曲\n，談到在前公司長達5年沒發片，當時另一半HowHow的反應，讓她覺得很窩心。 https://cdn2.ettoday.net/images/4155/d4155473.jpg HowHow、鄧福如。（圖翻攝自臉書How Fun 如何爽）\n\n鄧福如以《聲聲慢》等歌曲走紅後，卻有很長一段時間沒有新作品發行，傳出是被公司冷\n凍，不過據《自由時報》報導，她低調解釋，投資一張專輯所費不貲，當時公司可能對她\n寫的歌沒有感覺，也就停滯了幾年，她本身沒有多想。 https://cdn2.ettoday.net/images/4155/d4155470.jpg HowHow、阿福高清婚紗照。（圖翻攝自臉書How Fun 如何爽）\n\n婚後鄧福如重返歌壇，以《在我們的星球眼淚不超過3秒》和久等的歌迷見面，老公\nHowHow也全力支持，不管妳是想要廢在家，還是做想做的事，都沒有關係。讓她很窩\n心，未來也會持續創作，計畫推出完整專輯，至於何時會有和老公的愛的結晶，她則\n表示順其自然。\n\n\n5.完整新聞連結 (或短網址): https://star.ettoday.net/news/1679078 https://www.ptt.cc/bbs/Gossiping/M.1585441622.A.010.html", "ip": "114.34.125.203", "msgCnt": {"all": 0, "count": 0, "push": 0, "boo": 0, "neutral": 0}, "msg": []},
{"url": "https://www.ptt.cc/bbs/Gossiping/M.1585441510.A.DFA.html", "articleId": "M.1585441510.A.DFA", "articleAuthor": "VVizZ (我很窮)", "articleTitle": "[問卦] 路上的口罩越來越多了…海龜知道嗎", "articleDate": "Sun Mar 29 08:25:08 2020", "articleContent": "誒誒\n各位\n路上的口罩越來越多了\n感覺大家都放口袋\n不小心就掉出來\n然後被風吹來吹去\n等一下被海龜吸到鼻孔裡\n又不能用口罩了\n是不是很不方便\n啊\n\n https://www.ptt.cc/bbs/Gossiping/M.1585441510.A.DFA.html", "ip": "1.161.142.225", "msgCnt": {"all": 0, "count": 0, "push": 0, "boo": 0, "neutral": 0}, "msg": []},
{"url": "https://www.ptt.cc/bbs/Gossiping/M.1585441469.A.50D.html", "articleId": "M.1585441469.A.50D", "articleAuthor": "ian96939693 (ian96939693)", "articleTitle": "Re: [問卦] 鴿子暴斃在路上了，求解？", "articleDate": "Sun Mar 29 08:24:27 2020", "articleContent": ": https://i.imgur.com/hn8GbZ0.jpg : https://i.imgur.com/sit1oA1.jpg : 肥宅我吃完早餐正要回家， : 突然聽到碰一聲看到鴿子暴斃在路上。 : 我該去收屍簽樂透嗎？ :\n\n雖然我不知道鴿子這隻鴿子怎麼被撞，但聽我老一輩的長輩都說鄉下很多養賽鴿的人會因\n為鴿子輸掉比賽把牠們的翅膀剪一個破口丟掉，不然牠們會自己飛回家，所以之前我在桃\n園山區看到一堆只會走路的鴿子==\n\n我是不知道這說法對不對啦 ，畢竟賽鴿應該不便宜吧，這說法也是家裡長輩說的 ，有沒\n有版上有聽過這說法？ 題外話  這樣鴿子好可憐不如三....來吃吧\n\n https://www.ptt.cc/bbs/Gossiping/M.1585441469.A.50D.html", "ip": "61.58.70.20", "msgCnt": {"all": 4, "count": 1, "push": 1, "boo": 0, "neutral": 3}, "msg": [{"push_tag": "→", "push_userid": "leon771170", "push_content": "失敗 沒腳環沒錢換", "push_ipdatetime": "03/29 08:25"}, {"push_tag": "推", "push_userid": "z0953781935", "push_content": "有看過玩賽鴿的在殺鴿子", "push_ipdatetime": "03/29 08:26"}, {"push_tag": "→", "push_userid": "wasugar", "push_content": "小時候家中長輩有在玩 會把淘汰掉的賽鴿送給人料理來吃", "push_ipdatetime": "03/29 08:28"}, {"push_tag": "→", "push_userid": "wasugar", "push_content": "吃起來像非常柴的雞肉 賽鴿身上沒什麼油脂", "push_ipdatetime": "03/29 08:29"}]},
{"url": "https://www.ptt.cc/bbs/Gossiping/M.1585441804.A.9C5.html", "articleId": "M.1585441804.A.9C5", "articleAuthor": "japan1995 (Su.Fei.OvO)", "articleTitle": "[問卦] 掃墓是不是一種情緒勒索", "articleDate": "Sun Mar 29 08:30:02 2020", "articleContent": "肥宅我一大早被爸媽瘋狂敲門吵醒，然後跟我說叫我去掃墓。\n\n我問說是要去掃誰的？\n阿爸說他的阿公（我的阿祖）。\n\n我心裡想說幹哪位我都不知道到底是要掃三小，自己的阿公自己掃啊哥哥\n\n然後開始拿一些說不去掃墓很不孝，因為誰誰誰的小兒子也有去，所以你也要去。\n\n掃墓到底本身是不是一種情緒勒索？或著他本身是一種商業炒作？\n\n https://www.ptt.cc/bbs/Gossiping/M.1585441804.A.9C5.html", "ip": "223.137.137.254", "msgCnt": {"all": 0, "count": 0, "push": 0, "boo": 0, "neutral": 0}, "msg": []}
]