[
{"url": "https://www.ptt.cc/bbs/Salary/M.1585406207.A.52A.html", "articleId": "M.1585406207.A.52A", "articleAuthor": "DevinLin (肚腐)", "articleTitle": "[閒聊]遇雨停工2小時老闆表示要請假", "articleDate": "Sat Mar 28 22:36:45 2020", "articleContent": "今天會議中提到有關加班一個小時內不能報加班此事項\n\n這是半年前老闆新增的指令\n\n因此照常理　上位人種有政策下賤奴僕出對策　我們就都直接報2小時\n\n老闆可能是忍受不了或者其他原因而在本日會議中表示：\n\n以後加班一個小時要報也是可以\n\n那如果之後遇到下雨停工2個小時，這2個小時是不是就該請假呢？\n\n\n\n\n\n同事默劇\n\n\n\n補充說明一下本身職業概況為營造工程相關行業，職責是監工，工作場所戶外佔9成\n\n晴朗熱天正常出工，傾盆大雨轉而室內文書作業或躲雨待命放晴繼續施工\n\n當然，雨勢不大或綿綿細雨當然是如常作業\n\n如果依老闆此種方式是不是以時薪制計算而不是月薪制？\n\n在我觀點上月薪制應該就是表示我每日8小時就是賣給老闆你，這期間或做或休全看你指示\n\n戶外工程遇到天候不佳為著品質管理及勞工安全等或多或少皆須顧慮因而停滯作業\n\n老闆也不可能接受因為大雨導致品質不合格被打掉或勞工滑落受傷或致死吧\n\n超出正常8小時理當就是所謂延長工時也就是加班也合情合理吧\n\n還是說其實我觀念有誤？\n\n https://www.ptt.cc/bbs/Salary/M.1585406207.A.52A.html", "ip": "223.139.53.0", "msgCnt": {"all": 7, "count": 2, "push": 3, "boo": 1, "neutral": 3}, "msg": [{"push_tag": "噓", "push_userid": "NAGI", "push_content": "8", "push_ipdatetime": "03/28 22:39"}, {"push_tag": "→", "push_userid": "Mazu323", "push_content": "待工..都特地到現場了~這樣可以算請假?!不合理吧", "push_ipdatetime": "03/28 22:45"}, {"push_tag": "推", "push_userid": "humanskull", "push_content": "換工作吧 這種的不用撐...", "push_ipdatetime": "03/28 23:26"}, {"push_tag": "推", "push_userid": "jimmy5670", "push_content": "參考勞委會80.6.8台勞動二字第14217號函", "push_ipdatetime": "03/29 02:59"}, {"push_tag": "→", "push_userid": "jimmy5670", "push_content": "勞工在雇主指揮監督之下，於雇主之設施內或雇主指定之", "push_ipdatetime": "03/29 03:00"}, {"push_tag": "→", "push_userid": "jimmy5670", "push_content": "場所提供勞務或受令等待提供勞務之時間。", "push_ipdatetime": "03/29 03:00"}, {"push_tag": "推", "push_userid": "x52013", "push_content": "乾脆順便訂個「遲到一個小時內不算遲到」的規則好了", "push_ipdatetime": "03/29 06:38"}]},
{"url": "https://www.ptt.cc/bbs/Salary/M.1585421486.A.F98.html", "articleId": "M.1585421486.A.F98", "articleAuthor": "allen1314 (就叫我勇哥)", "articleTitle": "[閒聊] 面試時用騙的真的好嗎? 進來聊聊吧", "articleDate": "Sun Mar 29 02:51:24 2020", "articleContent": "其實這一篇也算是兩天前發文的後續\n=====找的人跟想像時有落差時怎麼辦=======\n\n總歸一句\n這個人剛進來滿一個月\n這一個月整整發生了總共三次的情緒衝突\n最後一次是發生在前天星期四 3月26號的時候\n他也自己說不然就做到月底\n但我當下心裡想的 有爭執 心裡不舒服\n就說出來 聽聽他不爽的點在那 也試著讓他了解我的做法是以什麼出發點\n遇到挫折就放棄 那就祝福他了\n\n先談第一次衝突的點吧\n當時在找他談時\n有提到 公司提供公務車\n基本上不太會讓員工騎著自己的車跑來跑去油錢要算還算不清\n除非當天 行程有點滿 就算騎自己的車跑行程基本上也不會超過十公里\n開車沒問題吧?\n他當面信心破錶的跟我說\n========沒問題========\n後來第一次給他握方向盤我坐在副座時才發現問題可大了 = =\n其實這也不打緊\n出停車場A到前保桿就A吧\n沒有傷到無辜的路人都算小事\n有一些壞習慣 甚至有關生命財產安全的\n想指正他 提醒兩句就不高興了\n幾天下來 他忽然跟我說\n[他不是第一天出社會 不要用這種語氣跟他說話]\n這時我就看的出來他很不爽了\n那我就好好跟他講 [第一我根本也沒在罵你\n第二 你的習慣本來就很有問題\n那有在路口要左轉直行車還沒走完淨空\n甚至有些車還不到兩個路燈的距離又有一定車速\n你就直接轉過去的]\n接著也苦口婆心講了很多 車撞壞事小 撞傷人事大\n你是來工作賺錢的不是來賠錢的^ [email protected] 講了一堆\n好吧 他也表示認同\n這就沒事了有機會我還是盡量讓他坐駕駛座握方向盤多練練\n\n第二次衝突\n這應該是算行政方面的問題 這個疑問是他提出的\n好死不死我剛好沒遇過 嗯~~ 好問題\n不然問就總公司群組看看吧\n[問那一個群組 A還是B] 他這樣問\n就問B就好啦 我正準備出去外面抽根煙~\n[要怎麼問]他又問了\n就照你剛才提出的疑問這樣問阿 @@ [這時我又在想他該不會又要發神經了吧]\n接著我就把他剛才問我的問題複訟一次\n嗯 他果然發神經了\n[阿你知道怎麼問就好了為何要我問不可]\n[我不是第一天出社會@^]\n這時我傻眼了\n嘴巴含著還沒點的菸看了他幾秒.......\n[好我問 等我抽完菸我就問]\n接著就出去抽根菸 其實是順便平復一下當時的情緒 =0=y~\n回來什麼都沒說 問完了 得到答案了\nOK就這樣做\n然後時間到打卡下班\n這事就告一段落....\n\n第三次離第二次其實不到三天\n其實這一兩天我就開始在思考\n我是不是真的找錯人了 = =\n其實一個月來的觀察\n也發現他參與公事的對談跟討論意願極低\n也根本沒在追蹤公事的郵件跟全台群組佈達的事項\n正在思考要怎麼跟他溝通\n然後他又來了~\n起因是我請他拿個東西送去給客戶 好心提醒這個客戶會有什麼毛病要注意點\n反正又在腦補我是不是看不起他之類的\n這時我火也上來了\n確定他要走 那就慢走不送\n星期五就跟總公司討論 不然就讓到到27號星期五就好\n反正剩兩天 什麼地方也不會讓他去\n\n============為什麼會說他求職時用騙的===========\n第一點就說了\n開車沒問題但問題其實很大\n本來完全不在意但就他的態度讓我開始有點在意 = =\n~入行資訊業跟我一樣久的時間\n大學資訊科系畢業 有CCNA NCITP\n請他幫忙看一下客戶報修的伺服器電源供應器的料號\n還跟他強調熱抽拔 打電話問我要怎麼拔 要不要拔電源\n口厄~~ = =a\n當下我是有點覺得  他當時跟我講的經驗談 跟當下表現出來的\n好像差的點有遠\n但我當時沒吐槽他喔 很有耐心的告訴他\n要拔電源 機架式Server裝兩顆電供又支援熱抽拔 不是沒有原因的 就拔吧\n一台Cisco的機器寄來 我在旁邊研究 他連碰都沒碰過一次\n不過 電腦硬體裝修故障排除 就可以啦\n就電腦商場比工讀生高一些的等級吧\n說到這邊===========\n我忽然想到鄉民的留言\n======薪資沒到位======\n我就有點想請教\n像這樣的[人才]~ 薪資要到位到什麼程度 @@a??\n願聞其詳懇請賜教\n\n誰叫我要找熟人=============\n\n其實經過這一次經驗\n我還是不覺得找熟人有什麼問題\n況且這也不算熟人\n就之前不在同一部門的同事\n然後公司尾牙會坐一起聊天其他時間根本見不到面的那種\n只是剛好遇到一個不曉得公私分明\n以為跟我很熟我就會罩著他他也可以開心的混的老屁孩\n就當一次奇耙的經驗吧\n\n總之\n面試時真的不能用騙的 被看破手腳也是一瞬間的事\n\n祝各位朋友\n在職者順心\n求職者順利\n\n https://www.ptt.cc/bbs/Salary/M.1585421486.A.F98.html", "ip": "1.175.151.170", "msgCnt": {"all": 26, "count": 2, "push": 2, "boo": 0, "neutral": 24}, "msg": [{"push_tag": "推", "push_userid": "pujos", "push_content": "你這例子單純只是你遇到個爛人(識人不清)，跟面試騙不騙沒", "push_ipdatetime": "03/29 02:58"}, {"push_tag": "→", "push_userid": "pujos", "push_content": "啥關係", "push_ipdatetime": "03/29 02:58"}, {"push_tag": "→", "push_userid": "pujos", "push_content": "一個連積極度都有問題的你都能面進來，問題大了", "push_ipdatetime": "03/29 02:59"}, {"push_tag": "→", "push_userid": "pujos", "push_content": "能力不足很多時候不是什麼大問題，那個要進步太簡單了", "push_ipdatetime": "03/29 03:00"}, {"push_tag": "→", "push_userid": "allen1314", "push_content": "的確啦 知人知面不知心咩~ 想說都1982年的都快40了", "push_ipdatetime": "03/29 03:02"}, {"push_tag": "→", "push_userid": "allen1314", "push_content": "條件經歷看起來都算還不錯 誰知道他會這樣= =", "push_ipdatetime": "03/29 03:02"}, {"push_tag": "→", "push_userid": "pujos", "push_content": "我不相信他是去你那邊才這麼被動啦，找“認識”的結果你根", "push_ipdatetime": "03/29 03:03"}, {"push_tag": "→", "push_userid": "pujos", "push_content": "本不認識他，這哪招", "push_ipdatetime": "03/29 03:03"}, {"push_tag": "→", "push_userid": "allen1314", "push_content": "其實就算什麼都不會進來都沒差 我也很願意教", "push_ipdatetime": "03/29 03:03"}, {"push_tag": "→", "push_userid": "allen1314", "push_content": "但我在意的是 就態度咩", "push_ipdatetime": "03/29 03:04"}, {"push_tag": "→", "push_userid": "allen1314", "push_content": "阿就很久以前的前同事嘛 偶爾見過面聊過天 吃尾牙會坐", "push_ipdatetime": "03/29 03:05"}, {"push_tag": "→", "push_userid": "allen1314", "push_content": "同一桌的那種 有約過一次去釣蝦這樣咩", "push_ipdatetime": "03/29 03:05"}, {"push_tag": "→", "push_userid": "allen1314", "push_content": "也對阿 他一開始是我主動問他過的怎麼樣 還有沒有在我", "push_ipdatetime": "03/29 03:06"}, {"push_tag": "→", "push_userid": "allen1314", "push_content": "他之前的爛公司 他就說早離開啦 換工作快三年了", "push_ipdatetime": "03/29 03:07"}, {"push_tag": "→", "push_userid": "allen1314", "push_content": "然後也說剛好想換工作 我就說我這邊有缺人 想不想了解", "push_ipdatetime": "03/29 03:07"}, {"push_tag": "→", "push_userid": "allen1314", "push_content": "然後他就進來了  誰知道他會這麼廢 = =", "push_ipdatetime": "03/29 03:08"}, {"push_tag": "→", "push_userid": "allen1314", "push_content": "沒意外那是因為是 [我]找他來的 他才覺得可以被動的", "push_ipdatetime": "03/29 03:11"}, {"push_tag": "→", "push_userid": "allen1314", "push_content": "理所當然 = =", "push_ipdatetime": "03/29 03:11"}, {"push_tag": "→", "push_userid": "Prokennex", "push_content": "人你自己找的 怎就不錄用我 面試識人技巧 很常練習不是", "push_ipdatetime": "03/29 04:17"}, {"push_tag": "推", "push_userid": "BaGaJohn5566", "push_content": "為了錢為了討飯吃  有的人就是會在面試裝啊  人性", "push_ipdatetime": "03/29 05:28"}, {"push_tag": "→", "push_userid": "BaGaJohn5566", "push_content": "重點是面試還是問一下技術的東西 或是工作相關的東", "push_ipdatetime": "03/29 05:29"}, {"push_tag": "→", "push_userid": "BaGaJohn5566", "push_content": "西吧   有些東西問剛畢業的年輕人不一定會   但是", "push_ipdatetime": "03/29 05:29"}, {"push_tag": "→", "push_userid": "BaGaJohn5566", "push_content": "有的人願意去思考怎麼解決問題  光這樣就想錄取這", "push_ipdatetime": "03/29 05:29"}, {"push_tag": "→", "push_userid": "BaGaJohn5566", "push_content": "種人了", "push_ipdatetime": "03/29 05:29"}, {"push_tag": "→", "push_userid": "BaGaJohn5566", "push_content": "至於工作態度真的就運氣了  面試看不出這種東西的", "push_ipdatetime": "03/29 05:30"}, {"push_tag": "→", "push_userid": "magicpd1983", "push_content": "個性差又不改善不積極，就直接OUT", "push_ipdatetime": "03/29 07:59"}]},
{"url": "https://www.ptt.cc/bbs/Salary/M.1585441533.A.C49.html", "articleId": "M.1585441533.A.C49", "articleAuthor": "romaziya (挑戰五子棋)", "articleTitle": "Re: 薪水不錯但是必須早起且休假少", "articleDate": "Sun Mar 29 08:25:31 2020", "articleContent": ": 小弟最近收到一份工作邀約 : 是南部傳產工廠的幹部職員 : 薪水不錯46k (以南部來說) : 工作時間 616 常日班 週休一日 : 算了一下通勤和吃早餐時間 我大概要5:30就起床 : 不過除了當兵以外沒有持續這麼早起過 : 變成那唯一的休假日可能也只會拿來休息補眠 : 有人也是這麼早起的工作型態嗎？ : 會不會很快就受不了了 人都有適應力，做一陣子你就會習慣，早起不是問題。\n不過那種工作，你做久了就會開始懷疑人生\n主要是休假太少。\n別人都週休二日，你才週休一日。\n\n而且那種工時量，46k也沒有很多，你把出勤的星期六那天的工資，以假日工資計算，假\n設一個月4天，你乘上4之後，用46K去減，其實薪水也才一般而已，等於那4天是強制出勤\n。\n\n還年輕的話，去做個二丶三年還勉強可以接受。但一定要存點錢，再買台車，之後思考快\n點換工作。\n\n時代已經不一樣，工作和生活要平衡，盡可能讓人生無憾。不要哪天生病了或老了，回想\n健康的時候，結果回憶都是在工作，那是很淒涼的事\n\n https://www.ptt.cc/bbs/Salary/M.1585441533.A.C49.html", "ip": "223.138.37.159", "msgCnt": {"all": 0, "count": 0, "push": 0, "boo": 0, "neutral": 0}, "msg": []},
{"url": "https://www.ptt.cc/bbs/Salary/M.1585420818.A.11A.html", "articleId": "M.1585420818.A.11A", "articleAuthor": "mith03 (嗯~~燈燈燈燈燈 燈燈燈燈)", "articleTitle": "[問題] 有人離職後投離職公司不同部門職位嗎", "articleDate": "Sun Mar 29 02:40:16 2020", "articleContent": "有人離職後投離職公司不同部門職位嗎?\n\n2年前那時候剛出社會也不太適應該職位覺得壓力很大又難\n\n現在是到職不久但想離職，不能隱藏，因為這樣離職證明就繳不出來...\n但面試可能會問你在我們這邊三個月，其他間一個月就想跑不太穩定，因為目前這間排休制\n工時每日12小環境較差所以想走\n\n還有我離職該公司時的職等是工程師，後來跑去其他間做助工，現在想投的也是助工，不知\n道公司會不會看不起我\n\n好困擾，但是也許根本不會找我面試 qq\n\n面其他間也不太好說\n\n把自己搞爛了 qq\n\n\n https://www.ptt.cc/bbs/Salary/M.1585420818.A.11A.html", "ip": "49.216.192.137", "msgCnt": {"all": 3, "count": 2, "push": 2, "boo": 0, "neutral": 1}, "msg": [{"push_tag": "推", "push_userid": "allen1314", "push_content": "好馬不吃回頭草 別妄自菲薄嘿~", "push_ipdatetime": "03/29 02:55"}, {"push_tag": "→", "push_userid": "loadingN", "push_content": "我覺得你先想好自己要幹嘛比較重要", "push_ipdatetime": "03/29 03:17"}, {"push_tag": "推", "push_userid": "starcat22310", "push_content": "我覺得你連文字表達都有問題…", "push_ipdatetime": "03/29 06:24"}]},
{"url": "https://www.ptt.cc/bbs/Salary/M.1585435667.A.59B.html", "articleId": "M.1585435667.A.59B", "articleAuthor": "qwe50706 (小象小象)", "articleTitle": "薪水不錯但是必須早起且休假少", "articleDate": "Sun Mar 29 06:47:45 2020", "articleContent": "小弟最近收到一份工作邀約\n\n是南部傳產工廠的幹部職員\n\n薪水不錯46k (以南部來說)\n\n工作時間 616 常日班 週休一日\n\n算了一下通勤和吃早餐時間 我大概要5:30就起床\n\n不過除了當兵以外沒有持續這麼早起過\n\n變成那唯一的休假日可能也只會拿來休息補眠\n\n有人也是這麼早起的工作型態嗎？\n\n會不會很快就受不了了\n\n\n https://www.ptt.cc/bbs/Salary/M.1585435667.A.59B.html", "ip": "180.217.229.198", "msgCnt": {"all": 9, "count": 3, "push": 3, "boo": 0, "neutral": 6}, "msg": [{"push_tag": "推", "push_userid": "iversonya", "push_content": "保全表示：...", "push_ipdatetime": "03/29 07:38"}, {"push_tag": "→", "push_userid": "soleil99", "push_content": "關鍵在週休一日而不是早起的問題，休一天你很快就會覺得", "push_ipdatetime": "03/29 07:48"}, {"push_tag": "→", "push_userid": "soleil99", "push_content": "人生只剩下工作…", "push_ipdatetime": "03/29 07:48"}, {"push_tag": "推", "push_userid": "BaGaJohn5566", "push_content": "早餐店更早還好吧  唯一詬病的是週休一日才46k", "push_ipdatetime": "03/29 07:50"}, {"push_tag": "→", "push_userid": "BaGaJohn5566", "push_content": "一天9小還要做6天  你月工時會很高結果薪水沒多少", "push_ipdatetime": "03/29 07:51"}, {"push_tag": "→", "push_userid": "magicpd1983", "push_content": "16就可以下班，幾乎還有整個晚上可以應用，太爽了", "push_ipdatetime": "03/29 07:55"}, {"push_tag": "推", "push_userid": "rty99638125", "push_content": "樓上 5:30就要起床 差不多9:00沒睡你就會怕明天沒精", "push_ipdatetime": "03/29 08:08"}, {"push_tag": "→", "push_userid": "rty99638125", "push_content": "神了", "push_ipdatetime": "03/29 08:08"}, {"push_tag": "→", "push_userid": "sam810626", "push_content": "至少要週休二日", "push_ipdatetime": "03/29 08:28"}]},
{"url": "https://www.ptt.cc/bbs/Salary/M.1585409419.A.1D2.html", "articleId": "M.1585409419.A.1D2", "articleAuthor": "abby6044 (喔喔喔喔)", "articleTitle": "[選擇] 設計offer選擇", "articleDate": "Sat Mar 28 23:30:17 2020", "articleContent": "今年要滿30\n最近拿到三份offer 但實在是無法選擇\n想上來聽聽大家的意見\n\nA.\n上市上櫃保養品公司 薪水40K\n試用期後調薪幅度及年終皆不固定\n工作內容跟前份工作滿類似的\n對我來說是我很有興趣的工作\n偶而需加班，但加班費公司內部似乎都沒在請是潛規則，工作步調快也高壓\n工作環境很漂亮活潑同事年紀也都年輕\n離家車程約2530分鐘\n\nB.\n小型整合行銷公司 薪水42k\n試用期後再加3k\n年終及績效獎金要看考績\n工作內容對於我來說是滿簡單的\n也可以說是有點無聊\n基本上完全不加班，如真的有要加班有加班費\n寄offer來時在信件中有提到未來想培養我當設計主管，工作環境和安靜\n離家車程35分鐘\n\nC.\n知名4A廣告公司 薪水43k13\n每年調薪不固定 但以往是3%\n績效要看公司營運狀況及考績\n工作高壓 需加班 加班是換補休\n但一進去就有十天年假及十天帶薪病假\n以及每週下午茶和每月一天提早下班等\n公司環境漂亮活潑\n離家車程30分鐘\n\n目前的考量是...\nA公司的工作內容是我最喜歡的\n但薪水其實只比我現職多2k\n優點是大公司，履歷去洗一洗下份工作比較好找？\n\nB公司是錢多事少離家近...但工作內容簡單無趣\n怕會安逸過下去，或是就說在那邊看有沒有可能成為小主管？\n\n已經煩惱了很多天夜不成眠，希望大家能給我一些意見，謝謝\n\n\n\n https://www.ptt.cc/bbs/Salary/M.1585409419.A.1D2.html 4a這家面試時有說到只會專門做一個客戶(菸商）\n不會做到其他品牌，所以這也是考慮的點之一", "ip": "49.214.231.220", "msgCnt": {"all": 20, "count": 8, "push": 8, "boo": 0, "neutral": 12}, "msg": [{"push_tag": "→", "push_userid": "sakujira", "push_content": "B吧，還要選嗎？", "push_ipdatetime": "03/28 23:49"}, {"push_tag": "推", "push_userid": "ha116900", "push_content": "B吧 有機會學到更多不同的領域", "push_ipdatetime": "03/28 23:50"}, {"push_tag": "推", "push_userid": "pujos", "push_content": "很想給你說B，但是考量未來A、C挑一個可能對你比較好", "push_ipdatetime": "03/28 23:55"}, {"push_tag": "→", "push_userid": "pujos", "push_content": "挑戰是一回事，但穩定也很重要", "push_ipdatetime": "03/28 23:55"}, {"push_tag": "→", "push_userid": "giantbody", "push_content": "其實要看你未來目標 A你說洗履歷下份工作好找 但設計", "push_ipdatetime": "03/28 23:58"}, {"push_tag": "→", "push_userid": "giantbody", "push_content": "產業大家都知道薪資天花板就那樣 你找下份薪資幅度可", "push_ipdatetime": "03/28 23:58"}, {"push_tag": "→", "push_userid": "giantbody", "push_content": "能也不會差太多 除非以後自己出來做 若想要穩定就去B", "push_ipdatetime": "03/28 23:58"}, {"push_tag": "推", "push_userid": "arisucho", "push_content": "我今年也要滿30會選A或C，對我來說有好的履歷跟作品比", "push_ipdatetime": "03/29 01:01"}, {"push_tag": "→", "push_userid": "arisucho", "push_content": "較重要...太安逸感覺會被淘汰", "push_ipdatetime": "03/29 01:01"}, {"push_tag": "推", "push_userid": "doggieuknow", "push_content": "C其實對履歷更加分，案源多樣比較不會侷限在同個產業", "push_ipdatetime": "03/29 01:08"}, {"push_tag": "→", "push_userid": "doggieuknow", "push_content": "，但C感覺高壓度比A還強..看妳願不願意去闖闖看，若", "push_ipdatetime": "03/29 01:08"}, {"push_tag": "→", "push_userid": "doggieuknow", "push_content": "很看重個人生活就選A", "push_ipdatetime": "03/29 01:08"}, {"push_tag": "推", "push_userid": "kogreece", "push_content": "B", "push_ipdatetime": "03/29 01:34"}, {"push_tag": "推", "push_userid": "Ning0229", "push_content": "以年紀來看選C，進4A闖一闖，廣告代理商客戶多元可嘗試", "push_ipdatetime": "03/29 01:54"}, {"push_tag": "→", "push_userid": "Ning0229", "push_content": "不同的東西，重點是廣告代理商art強的人多，有人帶、有", "push_ipdatetime": "03/29 01:54"}, {"push_tag": "→", "push_userid": "Ning0229", "push_content": "競爭，能力可以持續往上，從內文看起來你是做BTL，進4A", "push_ipdatetime": "03/29 01:54"}, {"push_tag": "→", "push_userid": "Ning0229", "push_content": "至少有機會跨到ATL，薪水還會比做BTL好", "push_ipdatetime": "03/29 01:54"}, {"push_tag": "推", "push_userid": "BaGaJohn5566", "push_content": "想爽選b，a是大公司怎麼感覺薪資福利都偏差  但如果", "push_ipdatetime": "03/29 05:35"}, {"push_tag": "→", "push_userid": "BaGaJohn5566", "push_content": "ac給我選我選c", "push_ipdatetime": "03/29 05:35"}, {"push_tag": "推", "push_userid": "LuMya", "push_content": "還會再跳選C 穩定選B", "push_ipdatetime": "03/29 05:41"}]},
{"url": "https://www.ptt.cc/bbs/Salary/M.1585411458.A.7FC.html", "articleId": "M.1585411458.A.7FC", "articleAuthor": "ben780413 (V6王)", "articleTitle": "[問題] 只有業務才能領破五萬嗎?", "articleDate": "Sun Mar 29 00:04:15 2020", "articleContent": "不是業務 每月領固定薪水的\n最高值約多少？\n45000是我聽過目前最高\n台灣果然只有業務才能拿五萬以上嗎\n\n V6 25周年 第51張單曲ある日願いが叶ったんだ/All For You熱賣中 V6 are 20th Century   (美聲昌 溫柔博 搞笑井) Coming Century (冷酷剛 可愛健 帥氣准) https://www.ptt.cc/bbs/Salary/M.1585411458.A.7FC.html 樓上完全正確\n噓的都是我朋友 我周遭 都不是魯蛇自己 ㄏㄏ", "ip": "150.116.252.144", "msgCnt": {"all": 28, "count": 3, "push": 11, "boo": 8, "neutral": 9}, "msg": [{"push_tag": "推", "push_userid": "j0958322080", "push_content": "你孤陋寡聞......", "push_ipdatetime": "03/29 00:09"}, {"push_tag": "推", "push_userid": "optics123", "push_content": "科技版45K起薪已經算有點差了", "push_ipdatetime": "03/29 00:09"}, {"push_tag": "噓", "push_userid": "azzc1031", "push_content": "工程師：", "push_ipdatetime": "03/29 00:27"}, {"push_tag": "→", "push_userid": "cheug0653", "push_content": "我周遭剛出社會均薪50-60k不含年終 都不是業務 你參考", "push_ipdatetime": "03/29 00:28"}, {"push_tag": "→", "push_userid": "cheug0653", "push_content": "一下", "push_ipdatetime": "03/29 00:28"}, {"push_tag": "→", "push_userid": "BaGaJohn5566", "push_content": "我電資類同學沒一個人剛畢業起薪低於五萬欸...", "push_ipdatetime": "03/29 00:30"}, {"push_tag": "→", "push_userid": "BaGaJohn5566", "push_content": "七八萬一堆  是否見識不夠？", "push_ipdatetime": "03/29 00:30"}, {"push_tag": "噓", "push_userid": "NAGI", "push_content": "...", "push_ipdatetime": "03/29 00:31"}, {"push_tag": "推", "push_userid": "getbacker", "push_content": "很多人會跟你說學歷不是重點，但事實上四大理工工作五", "push_ipdatetime": "03/29 00:54"}, {"push_tag": "→", "push_userid": "getbacker", "push_content": "年以上年薪百萬是低標，而且是非管理職", "push_ipdatetime": "03/29 00:54"}, {"push_tag": "推", "push_userid": "samurai1994", "push_content": "還是要二三類都有前途啊", "push_ipdatetime": "03/29 01:01"}, {"push_tag": "噓", "push_userid": "stanleyplus", "push_content": "", "push_ipdatetime": "03/29 01:27"}, {"push_tag": "噓", "push_userid": "ken780707", "push_content": "真悲哀 貧窮限制了你的想像", "push_ipdatetime": "03/29 01:32"}, {"push_tag": "噓", "push_userid": "zzzz8931", "push_content": "...", "push_ipdatetime": "03/29 02:07"}, {"push_tag": "推", "push_userid": "ROCCPA", "push_content": "事實上會有很多窮逼來跟你算數學跟嗆他想像中的朋友多屌", "push_ipdatetime": "03/29 02:57"}, {"push_tag": "推", "push_userid": "piyieen", "push_content": "樓上XDD", "push_ipdatetime": "03/29 03:38"}, {"push_tag": "噓", "push_userid": "rty99638125", "push_content": "什麼行業?資歷多久? 這種問法你是期望得到什麼好答", "push_ipdatetime": "03/29 04:05"}, {"push_tag": "→", "push_userid": "rty99638125", "push_content": "案?", "push_ipdatetime": "03/29 04:05"}, {"push_tag": "推", "push_userid": "Virness", "push_content": "寫程式 50000-150000萬都有，管理階層年薪150起跳", "push_ipdatetime": "03/29 06:20"}, {"push_tag": "→", "push_userid": "Virness", "push_content": "醫生第一年就10萬 看你怎麼想", "push_ipdatetime": "03/29 06:21"}, {"push_tag": "推", "push_userid": "gm3252", "push_content": "我這裡高中畢業的工廠技術員都能穩定破五萬了（純底薪不含", "push_ipdatetime": "03/29 06:34"}, {"push_tag": "→", "push_userid": "gm3252", "push_content": "加給加班費）", "push_ipdatetime": "03/29 06:34"}, {"push_tag": "噓", "push_userid": "xvited945", "push_content": "我不是業務就破五萬啊", "push_ipdatetime": "03/29 06:36"}, {"push_tag": "→", "push_userid": "xvited945", "push_content": "沒有錯，不是我朋友，就是我本人", "push_ipdatetime": "03/29 06:37"}, {"push_tag": "推", "push_userid": "superpai", "push_content": "？？？", "push_ipdatetime": "03/29 06:41"}, {"push_tag": "噓", "push_userid": "KurakiMaki", "push_content": "我前公司低於5萬的大概只有約聘跟行政而已", "push_ipdatetime": "03/29 07:16"}, {"push_tag": "推", "push_userid": "nofear2101", "push_content": "我本業月領九萬出頭，比我高的多的是", "push_ipdatetime": "03/29 08:04"}, {"push_tag": "推", "push_userid": "stupidfox", "push_content": "？？？", "push_ipdatetime": "03/29 08:20"}]},
{"url": "https://www.ptt.cc/bbs/Salary/M.1585408322.A.C43.html", "articleId": "M.1585408322.A.C43", "articleAuthor": "ai8051 (aii)", "articleTitle": "Re: [問題] 客戶越過我直接找主管", "articleDate": "Sat Mar 28 23:11:58 2020", "articleContent": ": 想請問各位職場前輩，如何處理這種情況呢？ : 就是有的客戶會提出很多要求 : 我作為第一線人員，為了公司利益 : 當然會擋掉一些我評估後不合理的條件 : 而且我在跟對方溝通的過程也有回報主管 : 說對方要求什麼，我的做法是什麼，主管也沒有意見 : 但有些強勢的客戶為了達到目的 : 就會說那他直接找主管好了 : 然後對方一找主管 : 雙方見面互相寒暄social一陣 : 主管就什麼都答應了 : 陪同參加的我覺得傻眼也無可奈何 : 這種情況已經發生不只一次 : 只要客戶找主管，主管就什麼都答應 : 這樣不只讓我在客戶眼中形同絆腳石，信任度大降 : 甚至對我越來越看輕 : 也讓我執行對這整件案子無所適從 : （我明明覺得不行，主管卻接了，接了以後還是要我去負責 : 成果不好也要算在我頭上） : 真的很討厭這種狀況 : 該如何順利處理呢？ : 謝謝前輩 相反的我是客戶每次找基層好好講結果不是拖就是推說不行\n結果同事直接找對方主管談甚麼都快都好好談變成我辦事不力\n一兩次後我也不囉嗦都找主管\n有時知道自己主管是甚麼人就不必墨守成規曾經還遇到業務\n直接叫我寫mail表達不爽cc給他主管因為他知道是主管在拖推他去擋的\n\n https://www.ptt.cc/bbs/Salary/M.1585408322.A.C43.html", "ip": "218.166.29.158", "msgCnt": {"all": 2, "count": 1, "push": 1, "boo": 0, "neutral": 1}, "msg": [{"push_tag": "推", "push_userid": "starcat22310", "push_content": "有時是該主管在內部就是毛很多不讓下屬自行決定 飯", "push_ipdatetime": "03/29 06:30"}, {"push_tag": "→", "push_userid": "starcat22310", "push_content": "碗又被他把持著是要怎麼不墨守成規", "push_ipdatetime": "03/29 06:30"}]}
]